{"stats":{"minecraft:custom":{"minecraft:jump":25,"minecraft:time_since_rest":2072,"minecraft:sprint_one_cm":969,"minecraft:walk_on_water_one_cm":1315,"minecraft:deaths":1,"minecraft:play_time":3445,"minecraft:damage_taken":810,"minecraft:time_since_death":1945,"minecraft:walk_one_cm":10699,"minecraft:climb_one_cm":811,"minecraft:total_world_time":3445,"minecraft:walk_under_water_one_cm":363,"minecraft:swim_one_cm":6162,"minecraft:fall_one_cm":269,"minecraft:fly_one_cm":1985}},"DataVersion":3463}