{"stats":{"minecraft:broken":{"minecraft:iron_pickaxe":1,"minecraft:diamond_hoe":1,"minecraft:iron_hoe":5},"minecraft:killed":{"minecraft:cave_spider":5,"minecraft:spider":5,"minecraft:skeleton":14,"minecraft:chicken":2,"minecraft:pig":8,"minecraft:zombie_villager":3,"minecraft:salmon":11,"minecraft:iron_golem":1,"minecraft:creeper":2,"minecraft:sheep":11,"minecraft:zombie":17,"minecraft:cow":3},"minecraft:picked_up":{"minecraft:iron_chestplate":3,"minecraft:crafting_table":15,"minecraft:wheat":5,"minecraft:chicken":2,"minecraft:anvil":2,"minecraft:oak_stairs":1,"minecraft:enchanted_book":2,"minecraft:shield":3,"minecraft:string":100,"minecraft:moss_carpet":1,"minecraft:iron_axe":2,"minecraft:iron_leggings":5,"minecraft:experience_bottle":463,"minecraft:cobbled_deepslate":86,"minecraft:beef":8,"minecraft:oak_boat":3,"minecraft:poppy":5,"minecraft:iron_pickaxe":2,"minecraft:sugar_cane":19,"minecraft:chest":1,"minecraft:iron_boots":4,"minecraft:furnace":5,"minecraft:raw_iron":133,"minecraft:stick":28,"minecraft:sandstone":11,"minecraft:big_dripleaf":2,"minecraft:torch":102,"minecraft:porkchop":20,"minecraft:pointed_dripstone":16,"minecraft:diorite":9,"minecraft:stone_pressure_plate":1,"minecraft:tnt":18,"minecraft:arrow":47,"minecraft:rotten_flesh":55,"minecraft:tropical_fish":12,"minecraft:hay_block":32,"minecraft:gold_ingot":12,"minecraft:white_terracotta":1,"minecraft:mutton":34,"minecraft:white_wool":13,"minecraft:cobblestone":136,"minecraft:dune_armor_trim_smithing_template":6,"minecraft:leather_chestplate":1,"minecraft:cooked_beef":1,"minecraft:water_bucket":2,"minecraft:salmon":11,"minecraft:jungle_log":7,"minecraft:andesite":37,"minecraft:leather":18,"minecraft:cut_sandstone":6,"minecraft:potato":17,"minecraft:flint":1,"minecraft:tuff":9,"minecraft:oak_log":11,"minecraft:yellow_bed":1,"minecraft:gunpowder":9,"minecraft:lapis_lazuli":132,"minecraft:dirt":8,"minecraft:orange_terracotta":1,"minecraft:bone":21,"minecraft:apple":1,"minecraft:iron_ingot":124,"minecraft:moss_block":4,"minecraft:iron_sword":1,"minecraft:oak_planks":11,"minecraft:cooked_porkchop":2,"minecraft:oak_pressure_plate":1,"minecraft:dripstone_block":20,"minecraft:gravel":1,"minecraft:sand":2,"minecraft:ink_sac":3,"minecraft:white_bed":3,"minecraft:green_carpet":2,"minecraft:red_terracotta":3,"minecraft:chiseled_sandstone":1,"minecraft:spider_eye":10,"minecraft:iron_hoe":2,"minecraft:diamond":15,"minecraft:iron_helmet":3,"minecraft:diamond_axe":3,"minecraft:granite":1,"minecraft:golden_apple":9,"minecraft:emerald":2,"minecraft:bread":79,"minecraft:dark_oak_fence":4,"minecraft:coal":187,"minecraft:diamond_pickaxe":2,"minecraft:ender_pearl":2},"minecraft:custom":{"minecraft:interact_with_anvil":1,"minecraft:mob_kills":82,"minecraft:interact_with_crafting_table":36,"minecraft:bell_ring":5,"minecraft:time_since_death":75194,"minecraft:climb_one_cm":3895,"minecraft:sprint_one_cm":432833,"minecraft:walk_one_cm":437699,"minecraft:damage_blocked_by_shield":1800,"minecraft:drop":323,"minecraft:talked_to_villager":1,"minecraft:play_time":227490,"minecraft:deaths":4,"minecraft:sneak_time":29760,"minecraft:walk_under_water_one_cm":41718,"minecraft:boat_one_cm":30465,"minecraft:jump":4166,"minecraft:walk_on_water_one_cm":39504,"minecraft:total_world_time":227490,"minecraft:interact_with_furnace":31,"minecraft:sleep_in_bed":5,"minecraft:time_since_rest":75254,"minecraft:damage_taken":4760,"minecraft:damage_dealt":14082,"minecraft:swim_one_cm":76447,"minecraft:fly_one_cm":632648,"minecraft:player_kills":4,"minecraft:open_chest":65,"minecraft:crouch_one_cm":122629,"minecraft:inspect_dispenser":2,"minecraft:fall_one_cm":104773},"minecraft:mined":{"minecraft:tuff":6,"minecraft:stone_pressure_plate":1,"minecraft:white_bed":3,"minecraft:deepslate_diamond_ore":7,"minecraft:sculk_vein":206,"minecraft:jungle_leaves":8,"minecraft:granite":1,"minecraft:dark_oak_fence":3,"minecraft:grass_block":3,"minecraft:jungle_log":7,"minecraft:oak_pressure_plate":1,"minecraft:moss_block":4,"minecraft:sandstone":12,"minecraft:tall_seagrass":1,"minecraft:hay_block":31,"minecraft:sculk_catalyst":18,"minecraft:furnace":3,"minecraft:fire":25,"minecraft:iron_ore":81,"minecraft:cobbled_deepslate":1,"minecraft:chiseled_sandstone":1,"minecraft:andesite":28,"minecraft:deepslate_lapis_ore":13,"minecraft:anvil":1,"minecraft:vine":8,"minecraft:deepslate_iron_ore":19,"minecraft:oak_stairs":1,"minecraft:green_carpet":2,"minecraft:stone":88,"minecraft:cut_sandstone":6,"minecraft:orange_terracotta":1,"minecraft:crafting_table":14,"minecraft:torch":37,"minecraft:chest":1,"minecraft:sculk_sensor":91,"minecraft:tall_grass":1,"minecraft:cobblestone":5,"minecraft:oak_planks":1,"minecraft:sculk":2550,"minecraft:diorite":7,"minecraft:wall_torch":30,"minecraft:white_terracotta":1,"minecraft:red_terracotta":2,"minecraft:tnt":9,"minecraft:yellow_bed":1,"minecraft:grass":5,"minecraft:oak_log":8,"minecraft:coal_ore":97,"minecraft:dirt":1,"minecraft:sand":2,"minecraft:dripstone_block":2,"minecraft:cobweb":31,"minecraft:oak_leaves":1,"minecraft:deepslate":49},"minecraft:dropped":{"minecraft:enchanted_book":1,"minecraft:iron_ingot":58,"minecraft:bread":1,"minecraft:moss_block":4,"minecraft:porkchop":2,"minecraft:diamond_axe":3,"minecraft:cooked_beef":2,"minecraft:iron_helmet":1,"minecraft:apple":1,"minecraft:leather":6,"minecraft:ink_sac":3,"minecraft:wooden_axe":1,"minecraft:iron_leggings":3,"minecraft:iron_axe":1,"minecraft:iron_pickaxe":1,"minecraft:gold_ingot":1,"minecraft:bone":5,"minecraft:moss_carpet":1,"minecraft:cobbled_deepslate":10,"minecraft:tuff":3,"minecraft:wheat":5,"minecraft:experience_bottle":192,"minecraft:raw_iron":5,"minecraft:pointed_dripstone":1,"minecraft:rotten_flesh":10,"minecraft:iron_boots":2,"minecraft:white_terracotta":1,"minecraft:red_terracotta":1,"minecraft:big_dripleaf":2,"minecraft:leather_chestplate":1,"minecraft:shield":2,"minecraft:diamond_pickaxe":1,"minecraft:spider_eye":1,"minecraft:wooden_pickaxe":1},"minecraft:killed_by":{"minecraft:player":1,"minecraft:skeleton":2},"minecraft:used":{"minecraft:diamond_hoe":1564,"minecraft:chest":4,"minecraft:shield":23,"minecraft:iron_sword":214,"minecraft:torch":262,"minecraft:dirt":2,"minecraft:anvil":1,"minecraft:iron_hoe":1256,"minecraft:wooden_axe":3,"minecraft:iron_axe":61,"minecraft:furnace":3,"minecraft:cooked_beef":7,"minecraft:cobbled_deepslate":5,"minecraft:water_bucket":23,"minecraft:stone_pickaxe":37,"minecraft:oak_planks":3,"minecraft:wooden_pickaxe":18,"minecraft:cut_sandstone":6,"minecraft:sandstone":11,"minecraft:crafting_table":16,"minecraft:white_bed":4,"minecraft:diamond_pickaxe":157,"minecraft:bread":38,"minecraft:iron_pickaxe":253,"minecraft:stone_axe":50,"minecraft:cobblestone":27,"minecraft:cooked_porkchop":15,"minecraft:bucket":24,"minecraft:yellow_bed":1,"minecraft:oak_boat":2,"minecraft:experience_bottle":271},"minecraft:crafted":{"minecraft:oak_planks":44,"minecraft:diamond_hoe":1,"minecraft:furnace":1,"minecraft:iron_boots":1,"minecraft:iron_axe":1,"minecraft:iron_hoe":5,"minecraft:stone_pickaxe":1,"minecraft:chest":3,"minecraft:wheat":144,"minecraft:cooked_beef":8,"minecraft:cooked_porkchop":15,"minecraft:crafting_table":2,"minecraft:wooden_pickaxe":1,"minecraft:iron_sword":1,"minecraft:bucket":1,"minecraft:stone_axe":1,"minecraft:bread":48,"minecraft:air":0,"minecraft:jungle_planks":28,"minecraft:oak_boat":1,"minecraft:diamond_pickaxe":2,"minecraft:shield":1,"minecraft:stick":52,"minecraft:iron_ingot":37,"minecraft:wooden_axe":1,"minecraft:iron_block":3,"minecraft:iron_leggings":1,"minecraft:anvil":1,"minecraft:white_bed":1,"minecraft:torch":176}},"DataVersion":3463}