{"stats":{"minecraft:killed":{"minecraft:parrot":1,"minecraft:pig":1,"minecraft:drowned":1},"minecraft:picked_up":{"minecraft:wooden_axe":1,"minecraft:stick":1,"minecraft:feather":1,"minecraft:jungle_log":1,"minecraft:wooden_pickaxe":1,"minecraft:sand":6,"minecraft:porkchop":2,"minecraft:oak_log":19,"minecraft:apple":1,"minecraft:wheat_seeds":2,"minecraft:cobbled_deepslate":3,"minecraft:bamboo":9,"minecraft:melon_slice":6,"minecraft:sugar_cane":3},"minecraft:custom":{"minecraft:time_since_rest":3186,"minecraft:sprint_one_cm":56606,"minecraft:damage_taken":1545,"minecraft:walk_one_cm":30672,"minecraft:mob_kills":3,"minecraft:drop":2,"minecraft:damage_dealt":563,"minecraft:swim_one_cm":7935,"minecraft:fly_one_cm":93345,"minecraft:crouch_one_cm":625,"minecraft:play_time":34280,"minecraft:deaths":5,"minecraft:sneak_time":567,"minecraft:walk_under_water_one_cm":26574,"minecraft:jump":600,"minecraft:leave_game":3,"minecraft:walk_on_water_one_cm":21713,"minecraft:time_since_death":3160,"minecraft:climb_one_cm":3994,"minecraft:total_world_time":34280,"minecraft:fall_one_cm":33116},"minecraft:mined":{"minecraft:grass":7,"minecraft:oak_log":19,"minecraft:melon":1,"minecraft:jungle_log":1,"minecraft:sand":6,"minecraft:bamboo":1,"minecraft:sugar_cane":1,"minecraft:oak_leaves":9,"minecraft:fern":2},"minecraft:dropped":{"minecraft:feather":1,"minecraft:stick":1},"minecraft:killed_by":{"minecraft:player":1,"minecraft:enderman":1},"minecraft:crafted":{"minecraft:oak_planks":76,"minecraft:jungle_planks":4},"minecraft:used":{"minecraft:wooden_axe":29,"minecraft:melon_slice":5,"minecraft:oak_planks":1,"minecraft:sand":6}},"DataVersion":3463}