{"stats":{"minecraft:broken":{"minecraft:stone_pickaxe":1,"minecraft:iron_pickaxe":2,"minecraft:diamond_hoe":2,"minecraft:iron_hoe":4},"minecraft:killed":{"minecraft:spider":2,"minecraft:skeleton":4,"minecraft:salmon":4,"minecraft:rabbit":1,"minecraft:creeper":2,"minecraft:sheep":2,"minecraft:zombie":13,"minecraft:enderman":1},"minecraft:picked_up":{"minecraft:crafting_table":13,"minecraft:iron_chestplate":3,"minecraft:chest_minecart":1,"minecraft:shield":1,"minecraft:string":7,"minecraft:iron_leggings":6,"minecraft:experience_bottle":723,"minecraft:cobbled_deepslate":57,"minecraft:iron_pickaxe":1,"minecraft:melon_slice":8,"minecraft:sugar_cane":19,"minecraft:diamond_hoe":4,"minecraft:iron_boots":4,"minecraft:furnace":6,"minecraft:raw_iron":70,"minecraft:stick":39,"minecraft:big_dripleaf":1,"minecraft:brown_terracotta":1,"minecraft:torch":31,"minecraft:diorite":8,"minecraft:arrow":8,"minecraft:rotten_flesh":20,"minecraft:tropical_fish":6,"minecraft:hay_block":8,"minecraft:gold_ingot":5,"minecraft:glow_berries":1,"minecraft:mutton":4,"minecraft:cobblestone":482,"minecraft:white_wool":4,"minecraft:magma_block":3,"minecraft:water_bucket":1,"minecraft:andesite":23,"minecraft:salmon":4,"minecraft:flint":1,"minecraft:oak_log":20,"minecraft:yellow_bed":3,"minecraft:gunpowder":6,"minecraft:lapis_lazuli":38,"minecraft:dirt":11,"minecraft:bone":4,"minecraft:apple":16,"minecraft:wheat_seeds":2,"minecraft:rabbit_hide":2,"minecraft:iron_ingot":20,"minecraft:rabbit":4,"minecraft:oak_planks":9,"minecraft:oak_pressure_plate":1,"minecraft:gravel":19,"minecraft:diamond":23,"minecraft:iron_helmet":5,"minecraft:granite":47,"minecraft:diamond_axe":4,"minecraft:emerald":1,"minecraft:ender_pearl":1,"minecraft:coal":638,"minecraft:melon_seeds":3,"minecraft:dark_oak_fence":2,"minecraft:diamond_pickaxe":5},"minecraft:custom":{"minecraft:mob_kills":30,"minecraft:interact_with_crafting_table":24,"minecraft:leave_game":1,"minecraft:time_since_death":60477,"minecraft:climb_one_cm":6058,"minecraft:sprint_one_cm":491208,"minecraft:walk_one_cm":549709,"minecraft:damage_blocked_by_shield":2085,"minecraft:drop":47,"minecraft:talked_to_villager":12,"minecraft:play_time":224699,"minecraft:deaths":6,"minecraft:sneak_time":22251,"minecraft:walk_under_water_one_cm":19626,"minecraft:jump":2938,"minecraft:walk_on_water_one_cm":16325,"minecraft:total_world_time":224699,"minecraft:interact_with_furnace":40,"minecraft:sleep_in_bed":3,"minecraft:time_since_rest":60508,"minecraft:damage_taken":3818,"minecraft:damage_absorbed":40,"minecraft:damage_dealt":5647,"minecraft:swim_one_cm":99061,"minecraft:fly_one_cm":419736,"minecraft:player_kills":1,"minecraft:open_chest":10,"minecraft:crouch_one_cm":86986,"minecraft:inspect_dispenser":1,"minecraft:fall_one_cm":73843},"minecraft:mined":{"minecraft:diamond_ore":2,"minecraft:deepslate_diamond_ore":13,"minecraft:sculk_vein":332,"minecraft:cave_vines_plant":1,"minecraft:granite":24,"minecraft:dark_oak_fence":1,"minecraft:grass_block":1,"minecraft:oak_pressure_plate":1,"minecraft:hay_block":8,"minecraft:magma_block":3,"minecraft:furnace":5,"minecraft:sculk_catalyst":1,"minecraft:iron_ore":58,"minecraft:andesite":23,"minecraft:big_dripleaf_stem":1,"minecraft:sculk_shrieker":2,"minecraft:deepslate_iron_ore":12,"minecraft:stone":381,"minecraft:crafting_table":11,"minecraft:torch":7,"minecraft:melon":2,"minecraft:dead_bush":27,"minecraft:sculk_sensor":11,"minecraft:cobblestone":1,"minecraft:lapis_ore":4,"minecraft:oak_planks":4,"minecraft:sugar_cane":7,"minecraft:sculk":4115,"minecraft:diorite":8,"minecraft:wall_torch":8,"minecraft:yellow_bed":1,"minecraft:grass":3,"minecraft:coal_ore":114,"minecraft:oak_log":19,"minecraft:gravel":18,"minecraft:dirt":10,"minecraft:brown_terracotta":1,"minecraft:oak_leaves":2,"minecraft:deepslate":48,"minecraft:fern":1},"minecraft:dropped":{"minecraft:iron_ingot":35,"minecraft:wheat_seeds":2,"minecraft:oak_log":3,"minecraft:diamond":3,"minecraft:crafting_table":2,"minecraft:iron_helmet":1,"minecraft:cobblestone":210,"minecraft:tropical_fish":6,"minecraft:stick":15,"minecraft:dirt":5,"minecraft:diorite":5,"securitycraft:diamond_mine":1,"minecraft:iron_leggings":2,"minecraft:gravel":4,"minecraft:stone_axe":1,"minecraft:cobbled_deepslate":38,"minecraft:experience_bottle":676,"minecraft:oak_planks":10,"minecraft:andesite":23,"minecraft:wooden_pickaxe":1},"minecraft:killed_by":{"minecraft:player":3},"minecraft:used":{"minecraft:dispenser":1,"minecraft:diamond_hoe":3419,"minecraft:shield":36,"minecraft:rotten_flesh":6,"minecraft:iron_chestplate":2,"minecraft:torch":74,"minecraft:dirt":6,"minecraft:granite":24,"minecraft:big_dripleaf":1,"securitycraft:diamond_mine":128,"minecraft:iron_hoe":1000,"minecraft:brown_terracotta":1,"minecraft:iron_helmet":2,"minecraft:iron_boots":2,"minecraft:repeater":2,"minecraft:magma_block":3,"securitycraft:dirt_mine":1,"minecraft:furnace":5,"minecraft:potato":5,"minecraft:cobbled_deepslate":12,"securitycraft:nether_gold_mine":1,"minecraft:iron_leggings":3,"minecraft:cooked_mutton":4,"minecraft:diorite":3,"minecraft:stone_pickaxe":133,"minecraft:oak_planks":21,"minecraft:wooden_pickaxe":10,"minecraft:diamond_axe":138,"securitycraft:scanner_door_item":1,"minecraft:golden_apple":2,"securitycraft:deepslate_diamond_mine":1,"minecraft:glow_berries":27,"minecraft:comparator":1,"minecraft:crafting_table":11,"minecraft:redstone_torch":4,"minecraft:oak_log":2,"minecraft:diamond_pickaxe":63,"minecraft:melon_slice":8,"minecraft:bread":27,"minecraft:string":5,"minecraft:iron_pickaxe":534,"minecraft:oak_pressure_plate":1,"securitycraft:bucket_f_water":1,"minecraft:gravel":15,"securitycraft:mine":5,"minecraft:stone_axe":29,"minecraft:cobblestone":165,"minecraft:dark_oak_fence":2,"minecraft:cooked_rabbit":4,"minecraft:chest_minecart":1,"minecraft:experience_bottle":212},"minecraft:crafted":{"minecraft:oak_planks":48,"minecraft:diamond_hoe":3,"minecraft:furnace":1,"minecraft:cooked_mutton":4,"minecraft:iron_boots":1,"minecraft:iron_hoe":4,"minecraft:stone_pickaxe":1,"minecraft:cooked_rabbit":4,"minecraft:wheat":72,"minecraft:diamond_axe":1,"minecraft:crafting_table":1,"minecraft:wooden_pickaxe":1,"minecraft:stone_axe":1,"minecraft:bread":25,"minecraft:air":0,"minecraft:iron_chestplate":1,"minecraft:diamond_pickaxe":1,"minecraft:shield":1,"minecraft:stick":16,"minecraft:iron_pickaxe":3,"minecraft:iron_ingot":44,"minecraft:iron_leggings":1,"minecraft:torch":28}},"DataVersion":3463}